<markerInformation>
    <country>
        <name>Turkey</name>
        <longitude>35</longitude>
        <latitude>39</latitude>
        <markers>
            <battle>
                <name>Gallipoli</name>
                <longitude>26.5</longitude>
                <latitude>40.3</latitude>
                <year>1914</year>
                <casualties>8141</casualties>
                <text>Gallipoli was Australia's first major battle.</text>
                <text>The Turkish resistance was well-coordinated and once their reinforcements arrived, a standstill was brought upon which made the initial assault lose momentum as the allied forces were confused.</text>
                <text>Throughout the following days, fighting continued and many of the Turkish had occupied higher ground, which meant the allied forces suffered heavy losses. The Turkish soldiers were willing to give up their lives to defend their homelannd. They were tough and experienced.</text>
                <text>Mustafa Kemal, the commander of the Turkish troops on Gallipoli was a national hero and outstanding leader.</text>
                <text>The Australian living conditions were horrendous as there was constant sickness, disease, dirt, and death. It was very different from what they thought it was going to be. They wanted glory and adventure, however, they were always thirsty, digging and tunnelling, and living in camped dug-outs.</text>
                <text>One of their major concerns was sanitation. The disease was spreading at an alarming rate and they were near the dead bodies that were covered in flies. This was made worse by the harsh climate. Lack of water and nutrition, as well as variety in the food, made it even harder.</text>
                <text>At one stage 10 per cent of the force was evacuated weekly.</text>
                <text>The evacuation was perhaps the greatest achievement of the campaign.</text>
                <text>A well known ANZAC soldier who exemplified the ANZAC spirit was Private John Simpson Kirkpatrick or better known as Simpson. He was in the Australian Army Medical Corps and worked aa a stretch-bearer. He rescued injured men from the battle line at Monash Valley, day and night. He transported the wounded to ANZAC Cove on the back of his donkey. The donkey was originally brought to Gallipoli to carry water; however, Simpson found a much more important task for the donkey. Simpson and his donkey rescued around 300 wounded soldiers over 24 days at Gallipoli.</text>
                <text>The ANZAC biscuits came about during the Gallipoli Battle as wives, mothers and sisters of soldiers made biscuits out of oats, sugar, flour, coconut, butter and golden syrups. The ANZAC biscuits were hard and long-lasting so that it would survive the long journey to the troops.</text>
                <text>Alec Campbell was the last surviving ANZAC. He died on the 16th of May 2002 at the age of 103.</text>
                <text>On the 25th of April 1915, the ANZAC legend began as the first wave of ANZAC soldiers landed at Gallipoli.</text>
                <text>At Gallipoli drip, rifles were self-firing rifles that were used to deceive the Turks during the evacuation of December 1915.</text>
                <text>After the withdrawal of the last men, the rifles still fired automatically from the trenches. How this was done was that a weight was released which pulled the trigger. One kerosene tin was placed underneath another one. The top tin was full of water, which would transfer to the lower tin when small holes were punched in it at the last minute. The rifle would fire when the bottom tin became heavy.</text>
                <text>The trigger was held back by a string that went through a candle, which slowly burnt and broke the sting. This released the trigger.</text>
                <text>Lance Corporal W. C. Scurry of the 7th Battalion, AIF invented the drip rifle with assistance from Private A.H. Lawrence. Scurry was awarded the Distinguished Conduct Medal for his part that he played in making the evacuation a success. He was also mentioned in dispatches and promoted to sergeant</text>
                <text>Lance Corporal William Beech was an Australian builder’s foreman who invented the periscope rifle. This allowed soldiers to aim their guns without putting them in the direct line of fire.</text>
            </battle>
            <battle>
                <name>Lone Pine</name>
                <longitude>-333.7</longitude>
                <latitude>40.2</latitude>
                <year>1915</year>
                <casualties>2000</casualties>
                <text>On the 6th of August 1915 in the afternoon the battle of Lone Pine took place.</text>
                <text>This battle was designed to create a diversion to allow another assault further north to seize the high ground of the Sari Bair Range. This battle was a part of the allied August Offensive, which was the troop's last attempt to break the stalemate that started ever since the landings on 25 April.</text>
                <text>Artillery bombardment shelled the Turkish positions at 4:30 pm.</text>
                <text>An hour later, through heavy fire from artillery, rifles and machine guns, Australian’s crossed no man’s land.</text>
                <text>However, when they reached the Turkish trenches, some had been covered with pine logs and the Australian infantry had to break through the makeshift roofs to get to the enemy.</text>
                <text>Despite this, the Lone Pine trenches were taken after 20 minutes of fighting, but there followed four days of intense hand-to-hand fighting at a cost of 2,000 Australian and almost 7,000 Turkish casualties. Seven Australians were awarded the Victoria Cross for their actions that day.</text>
                <text>The Battle of Lone Pine is considered to be one of the few allied successes of the Gallipoli campaign, even though Australians were driven back from the trenches several days later by the Turks.</text>
                <text>Soldiers wore white armbands and back patches to make the men more visible to each other in the dark so that they weren’t mistaken for the enemy.</text>
                <text>The Turks seemed to have a large supply of cricket-ball style bombers and were well trained at throwing them, according to Charles Bean. Australian soldiers had no bombs so that had to make them by stuffing old jam tins with pieces of Turkish shell and barbed wire.</text>
                <text>Bombs were a very powerful weapon for hand-to-hand fighting, as Australians were quickly learning.</text>
                <text>Sergeant Cyril Lawrence of the Australian Engineers described the battlefield as being one mass of dead bodies, rifles, shovels, bags of bombs and bales of sandbags just to name a few. The undergrowth was cut down, leaving only a few simple stalks and the ground itself appeared just as though someone got a huge rake and scratched it all over.</text>
            </battle>
            <battle>
                <name>Nek</name>
                <longitude>-333.7</longitude>
                <latitude>40.24</latitude>
                <year>1915</year>
                <casualties>234</casualties>
                <text>The Nek was where the tragic assault by the 3rd Light Horse Brigade on the 7th of August 1915 at dawn occurred.</text>
                <text>The Nek was an important position held by the allied forces on the northern end of the Anzac front line.</text>
                <text>The British destroyer steaming offshore was supposed to bombard the Turkish positions with shells, however, they fell beyond their target.</text>
                <text>This commenced the attack and was supposed to provide cover for the Australians, however, it ended seven minutes early.</text>
                <text>The officers of the light horse kept their men back as they waited until the appointed time for the attack which gave the Turkish troops time to re-man their positions.</text>
                <text>A barrage of Turkish rifle and machine-gun fire immediately shot down the first wave of the light horsemen.</text>
                <text>The second line was also shot down as they scrambled over the dead and wounded to attack.</text>
                <text>The Australian officer in charge refused to accept defeat and would not cancel the attack when it was proposed. The third wave of light horsemen was sent over.</text>
                <text>The cancellation was proposed again, however, before the decision was made and because of a misunderstanding, the right flank of the fourth line charged. The rest followed.</text>
                <text>The casualties were devasting as 234 were killed and 138 were wounded out of the 600 Australian troops.</text>
                <text>The movie Gallipoli, starring Mel Gibson as Frank and Mark Lee as Archie, ending shows Archie and his friends climbing over the trenches and charging towards the enemy lines where they were shot down by machine guns. This scene was actually based off the battle of Nek.</text>
                <text>The personal relationships between a couple of Australian officers were very poor. Cooperation and clear thinking were essential at the time, however, there was no effective communication.</text>
                <text>During the battle, Australian soldiers showed true courage as they went over the trenches knowing they would most likely be killed.</text>
            </battle>
        </markers>
    </country>
    <country>
        <name>France</name>
        <longitude>2</longitude>
        <latitude>46</latitude>
        <markers>
            <battle>
                <name>Fromelles on the Somme</name>
                <longitude>1.9</longitude>
                <latitude>50.2</latitude>
                <year>1916</year>
                <casualties>2000</casualties>
                <text>On the 19th of July 1916, the battle of Fromelles occurred which was the first battle Australian soldiers participated in on the Western Front. The 5th Australians Division just arrived, and they were ordered to attack the strongly held German front line in French Flanders.</text>
                <text>This attack was supposed to stop German reserves from moving south to the Somme where a large Allied offensive had begun on the 1st of July.</text>
                <text>The attack failed miserably. In broad daylight over open ground, Australian and British soldiers were assaulted by heavy fire from the German lines.</text>
                <text>Almost 2000 Australians were killed and about 400 were captured. There were over 5,500 Australian casualties.</text>
                <text>This was considered to be the greatest loss in 24 hours by a single division during the entire WWI.</text>
                <text>Some even consider this to be the most tragic event in Australian’s history.</text>
                <text>The conditions were terrible for Australian soldiers manning the trenches as the winter temperature dropped to minute 20 degrees. Many suffered frostbite while others froze to death.</text>
                <text>Many Australians were disappointed with the flanking British unit’s performance.</text>
                <text>The battle of Fromelles for most soldiers was a military disaster. This was because of muddled plans and reckless decision-making by both the Australian and British commanders as well as the staff.</text>
                <text>According to Sergeant “Jimmy” Downing of the 57th Battalion, hundreds of men were mowed down and cut in two by steams of bullets. This was also over in five minutes.</text>
                <text>Within 15 minutes the 15th Victorian Brigade was destroyed. Brigadier General Harold “Pompey” Elliott was the commander and expressed misgivings about the attack. The following day he was speechless with guilt. He had tears streaming down his face while he shook the hands of the returning survivors.</text>
                <text>Charles Bean, who was the official war correspondent, recorded after the meeting with the commander that he felt as if he was in the presence of a man who had lost his wife. 887 officers and men of the 60th battalion went into the attack. That following afternoon the survivors gathered at brigade headquarters. A roll call was done, only one officer and 106 men answered.</text>
                <text>The battle of Fromelles showed that Australian soldiers were unprepared for the warfare on the Western Front. They still had a lot to learn and the lessons would be costly as well as hard. The major failing of Fromelles, however, was also caused by the disorganized planning of the attack. This shows the ineptitude of senior commanders.</text>
                <text>Nine Australian soldiers were either killed, wounded or taken prisoner every minute of the Battle of Fromelles.</text>
                <text>It lasted for 10 hours overnight on 19-20 July 1916.</text>
            </battle>
            <battle>
                <name>Pozieres</name>
                <longitude>2.7</longitude>
                <latitude>50</latitude>
                <year>1916</year>
                <casualties>6800</casualties>
                <text>Pozieres was an essential advantage as it provided higher ground and a place where further attacks could be launched. On the 23rd of July 1916, the 1st Division was the first to go into the battle.</text>
                <text>The village of Pozieres was captured by the Australian troops, whereupon they had to endure the relentless artillery bombardment that inflicted heavy losses among the allied troops and reduced the village to rubble.</text>
                <text>The 2nd Division suffered even more losses when they relieved the 1st.</text>
                <text>The 4th Division then went in and held off the German attempts to retake Pozieres.</text>
                <text>Australian troops made 19 attacks, 16 of them at night, over a period of 42 days. The number of casualties was 23,000 men.</text>
                <text>The experience at Pozieres was hell for the men thrown into the fight.</text>
                <text>Both sides used artillery fire on the battlefield.</text>
                <text>The allied forces gained some ground and then the enemy would counter-attack.</text>
                <text>Throughout this action the fighting was wild, and all the time the shelling tore up the ground, folded the trenches in, and blew away any protection.</text>
                <text>The shelling destroyed the ground, folded trenches in and blew away any protection.</text>
                <text>Five Victoria Crosses were won during this battle.</text>
                <text>Lieutenant General Sir Hubert Gough was an aggressive man and full of initiative. He got approval to use the 1st Anzac Corps to make another attempt at Pozières.</text>
                <text>He was impatient to demonstrate his worth as an Army commander and because of his impetuous nature he gave the 1st Anzac Corps little time to prepare.</text>
                <text>German bombardment pounded the trenches that the Australians had just dug up with about four shells a minute, breaking its sides and burying men. Comraded would constantly dig them out dead or alive. Parts of the trench, by evening, could not be found by the relieving companies. The southwest entrance to the village was also pounded heavily and continuously. The main route was called Dead Man’s Road as it was lined with the dead.</text>
                <text>On the morning of the 27th, emerging from the rubble of Pozières, the survivors of the Australian 1st Division were described as being so dazed they appeared to be walking in a dream. They were relieved by the Australian 2nd Division.</text>
                <text>Pozieres is also what a town in Queensland is called. This was originally a soldier settlement village, therefore, they named it Pozieres after WWI to commemorate the selfless contributions made by the men and women who served in France.</text>
            </battle>
            <battle>
                <name>Mouquet Farm</name>
                <longitude>2.6</longitude>
                <latitude>50</latitude>
                <year>1916</year>
                <casualties>59</casualties>
                <text>Conditions at Mouquet France was terrible as the soldiers lacked sleep, there was constant enemy shelling, the exertion of bringing up supplies and food, exhaustion of carrying wounded and the endless digging.</text>
                <text>The worst job was being the runner.</text> 
                <text>Telephone lines were being destroyed, therefore, soldiers had to sprint over the wilderness to his headquarters, constantly facing death.</text> 
                <text>The 16th Battalion from Western Australia saw the beginning and end of the battle at Mouquet Farm.</text>
                <text>They had also fought previously at Gallipoli and were one of the original battalions, landing on the evening of the 25th of April.</text>
                <text>The 16th made their first attack on the Western Front at midnight on the 9th of August.</text>
                <text>They were guided by flashlights when they crossed no-man’s-land. A different coloured light was used for each company.</text>
                <text>They successfully meant their objectives and seized a number of German soldiers and their machine-guns.</text> 
                <text>German’s launched a counter-attack that was swift and descended on the captured positions.</text>
                <text>The 16th was able to hold the German’s off, however, their battalion position fell heavily due to the enemy bombardment.</text>
                <text>Thousands of causalities suffered, and many battalions were used up, while the 16th returned to Mouquet Farm on the 29th of August 1916.</text>
                <text>On the night of 29 August, led by Major Percy Black, one of the legendary leaders of the AIF, the 16th assaulted the ruins of Mouquet Farm and did battle with the Germans in the dugouts and cellars of this fortress.</text>
                <text>The 16th battalion assaulted the ruins of Mouquet Farm and fought with the Germans in the dugouts and cellars. They, however, weren’t able to hold Mouquet Farm. They were virtually thrown back to their starting lines by the enemy counter-attacks.</text>
                <text>The autumn rains set in making the battlefield muddy and active operations decreased. This happened in October and the troops that crossed the battlefield sank deeper into the mud, slowing their movement. Roads also became impassable. The Australian Divisions spent most of their difficult months of the war during this time.</text>
                <text>Two attacks were launched in November, one was near Flers and the other near Gueudcourt. The Australians succeeded in both attacks as they entered the enemy trenches. The soldiers experience terrible struggles as the mud caused great exhaustion. It was decided that only small attacks and raids were possible during the remainder of the winter, therefore, the campaign ended.</text>
                <text>Mouquet Farm was never captured by the Australians which directly assaulted the position only twice. Their attacks slowly decreased, and the three divisions were sent to Belgium to recover.</text>
                <text>There is a Ross Bastiaan bronze plaque which is positioned at the farm today in memory of the fallen dead.</text>
                <text>Three Australian divisions orchestrated nine separate attacks to take the farm.</text>
                <text>Mouquet Farm was called ‘Moo Cow’ Farm by the Australian Diggers.</text>
            </battle>
            <battle>
                <name>Bullecourt</name>
                <longitude>2.9</longitude>
                <latitude>50.2</latitude>
                <year>1917</year>
                <casualties>10000</casualties>
                <text>The attack launched at Bullecourt on 11th of April 1917 was a disaster due to poor planning and an aggressive as well as energetic commander named Hubert Gough.</text>
                <text>Four experienced Australian divisions of I ANZAC Corps was under the command of Hubert Gough.</text>
                <text>A further attack on the same ground, despite previous failings, was ordered for the 3rd of May.</text>
                <text>AIF lost 10,000 men in the two battles when the Australian troops brook into and took part of the Hindenburg Line, which never gained the allied forces a strategic advantage.</text>
                <text>It was an experience of horror and devastation that those who survived the fighting at Bullecourt could never forget. They endured the 1916-17 winter which was absolutely terrible. Opposing armies faced each other across a field of frozen mud. A great defensive line was built by the Germans during this time, a few kilometres behind their front. This line was called the Hindenburg Line. Once the weather improved in early 1917 the Germans staged a fighting withdrawal to their new line. The allied troops were given false hope of victory as they suddenly advanced across open fields. They advanced up to the Hindenburg Line.</text>
                <text>The Australian troops once again showed bravery at Bullecourt during the attack. They AIF added another hard-earned battle honour to their list.</text>
                <text>Australian troops for the first time fought alongside a new military invention, which was the tank. This weapon failed miserably.</text>
                <text>A month later, a second attack was launched. Another 7,500 were killed or wounded, turning Bullecourt into a charnel house that some say was worse than Pozieres.</text>
                <text>The Australian soldiers' confidence in the British command was shaken.</text>
            </battle>
            <battle>
                <name>Lagnicourt</name>
                <longitude>3</longitude>
                <latitude>50.2</latitude>
                <year>1917</year>
                <casualties>700</casualties>
                <text>The battle of Lagnicourt was a stalemate between the allied troops, consisting of Australia and British soldiers, and the German troops.</text>
            </battle>
            <battle>
                <name>Hamel</name>
                <longitude>3.1</longitude>
                <latitude>50.3</latitude>
                <year>1918</year>
                <casualties>250</casualties>
                <text>The Battle of Hamel was a victory for the Australian 4th Division and other allied forces.</text>
                <text>The aim was to attack the German forces to straighten up the allied lines.</text>
                <text>The Germans were completely surprised by the carefully planned attack, which allowed the allied side to win and straighten up their lines. The attack lasted 90 minutes. The allied side suffered 1,000, casualties and almost 1,500 Germans surrendered.</text>
                <text>The artillery fired a smoke screen for the Australian and American infantrymen at 3:02 am.</text>
                <text>This was the last of the artillery bombardments of smoke and gas during the build-up to the attack.</text>
                <text>The Germans had to repeatedly put on their gas masks because of the gas shells.</text>
                <text>The German’s assumed that there would be a bombardment with gas shells because of the smoke screen at 3:02 am.</text>
                <text>At 3.10am the artillery started up a creeping barrage for four minutes.</text>
                <text>The Australian battalions left their trenches at precisely 3:14 am and advanced towards the German Front Line.</text>
                <text>It was a difficult fight as the German Trench called Pear Trench put up a tough defence.</text>
                <text>The Australian Corps reached their objectives by 4:35 am, making the attack a great success. The fight lasted exactly 93 minutes.</text>
                <text>The troops at ten minutes past three bombarded the enemy’s front line with sudden ferociousness. They pounded, battered and chopped it to pieces with shells of every calibre such as light, medium, heavy, gas, shrapnel, phosphorous shells and high explosives.</text>
                <text>Tanks were used to destroy the machine guns in the enemy strong points.</text>
            </battle>
            <battle>
                <name>Morlancourt</name>
                <longitude>2.6</longitude>
                <latitude>50</latitude>
                <year>1918</year>
                <casualties>264</casualties>
                <text>The Australian 3rd Division advanced to fill a gap in the Allied line during the battle.</text>
                <text>Australian’s were stopped by the German troops before they could get Morlancourt.</text>
                <text>There were heavy casualties as they attacked the German troops. Allied forces were able to stop the German advance towards Amiens. This stabilized the Allied line north of the Somme.</text>
                <text>Australians sought to consolidate their positions around the village of Morlancourt prior to the start of the Allied Hundred Days Offensive which was the Allied offensive that ended the First World War.</text>
            </battle>
            <battle>
                <name>Villers-Bretonneux</name>
                <longitude>2.5</longitude>
                <latitude>49.9</latitude>
                <year>1918</year>
                <casualties>2400</casualties>
                <text>On the night of April 24 in 1918, two Australian brigades took part in the counter-attack to stop the German offensive.</text>
                <text>About 2,400 Australians died in the battle and even though they suffered a terrible loss they also displayed great bravery.</text>
                <text>The Germans captured Villers-Bretonneux a tactically important town.</text>
                <text>Two Australian brigades and allied forces were ordered to encircle the town at night as part of the plan to do an immediate counter-attack.</text>
                <text>Australians on the 25th of April at dawn broke through the German entrenchment.</text>
                <text>They were able to secure Villers-Bretonneux and create a new front line to the east. This ended the German offensive on the Somme.</text>
                <text>The town never fell back into enemy hands for the rest of WWI.</text>
                <text>Most of the shell holes passed were occupied with a sniper or two, however, most of the time it was machine gun crew. They were quickly disposed of and the platoon advanced forward to no man’s land beyond their first objective. They were then recalled to their objective which was a trench positioned extreme left of the village. All hands went to work to clear the trench and dig outposts till daylight. Under Corporal Cherry, a posh was pushed to protect the right flank from an attack from the village. The post successfully disposed of a machine gunner with grenades.</text>
                <text>The platoon and the rest of the company, at daylight, gathered in the newly won trench, expecting a counterattack which never came.</text>
                <text>The German machine guns were the only real defence, which put up a very heavy barrage. The shooting was wild and most were too high to cause a lot of damage in respect to the number of ammunition.</text>
            </battle>
            <battle>
                <name>Dernancourt</name>
                <longitude>2.63</longitude>
                <latitude>40.98</latitude>
                <year>1918</year>
                <casualties>137</casualties>
                <text>The 47th and 48th Battalion moved into position along the embankment facing Dernancount on the night of 27 March 1918.</text>
                <text>The Germans had captured Dernancourt and the allied forces tried to recapture the village. The British artillery bombarded the village until the enemy soldiers were seen leaving, which was at 2 pm.</text>
                <text>British troops moved towards the village, however, enemy fire drove them back as they suffered heavy casualties. The 45th Battalion made up of soldiers from New South Wales were ordered forward to assist in recapturing Dernancourt. Unfortunately, they were badly hit as they made their way down the hill towards the embankment.</text>
                <text>The British were pushed right back across the old 1916 battlefields when the Germans launched a great Spring Offensive in March 1918. The Australian Corps in one last hope of victory before the arrival of the American forces rushed to the relieve British units that were exhausted and help defend lines that were greatly weakened at Dernancourt.</text>
                <text>Stanley McDougall of the 47th Battalion, an Australian soldier, ran along the railway track to warn his platoon that the Germans were close by. He later seized a Lewis machine gun and rushed forward. He opened fire at the Germans, killing two machine-gun teams, however, he burnt his hand when the casing of the Lewis barrel became too hot. Sergeant JC Lawrence helped McDougall by holding the gun while he continued to fire. When his ammunition ran out he seized a bayonet and charged at the enemy, killing four men. This included a German officer that was aiming his pistol at some Australians. He was awarded the Victoria Cross for his display of courage and his actions.</text>
                <text>Dernancourt and Australians have retained their close bond of friendship ever since the war. A street name was called ‘Rue d’Australie’ and the school hall was named ‘Pavillon Adelaide’.</text>
                <text>French civilians were loading their possessions into carts, preparing to evacuate when the Australian approached. Civilians were reported as being greatly reassured by the arrival of the Australians.</text>
            </battle>
            <battle>
                <name>Hazebrouck</name>
                <longitude>2.5</longitude>
                <latitude>50.7</latitude>
                <year>1918</year>
                <text>The 1st Australian Division reached the Amiens area and on the 10th of April was ordered to go to Hazebrouck by train.</text>
                <text>There were less than eight kilometres that separated the Germans from Hazebrouck.</text>
                <text>The German thrust was deflected further north as the 1st Division beat off heavy attacks on the 14th and 17th of April.</text>
                <text>The German progress was stopped by the 1st Australian Division at Hazebrouck.</text>
                <text>Hazebrouck was an important military target, during World War I because nearly all British supplies travelled by railway.</text>
                <text>Deserters sheltered in the French town of Hazebrouck. Unfortunately for the deserters, it became a front-line zone and the civil population was evacuated. Deserters were left stranded, hiding in the cellars of houses that were destroyed. The robbed and looted the dumps at night for food in their efforts to exist and escape capture. At night in 1918, it was unsafe to venture through Hazebrouck alone and unarmed.</text>
            </battle>
            <battle>
                <name>Mont St Quentin</name>
                <longitude>2.9</longitude>
                <latitude>49.9</latitude>
                <year>1918</year>
                <casualties>12187</casualties>
                <text>On the 31st of August at night the 2nd Australian Division crossed the Somme River and attacked Mont St Quentin at 5 am.</text>
                <text>They attacked from a very difficult and unexpected position as it was an uphill fight for the troops, across open ground.</text>
                <text>They were in a vulnerable position because the Germans could attack them easily as they held the higher ground.</text>
                <text>This was considered to be the finest achievement of the AIF.</text>
                <text>o	The troops used bombs and bayonet to force the enemy back as they reached the strongly held trench.</text>
                <text>Sergeant Albert Lowerson was awarded the Victoria Cross for his courage and leadership during the battle where the 21st Battalion skilfully drove the enemy from their well-established positions.</text>
                <text>The 21 Battalion were also involved in the battle of Mont St Quentin.</text>
                <text>It was important to the whole line that the soldiers took and held Mont St. Quentin because it would have meant the withdrawal of the force and postponement of capturing Peronne.</text>
                <text>The soldiers went through small bushy trees and forced them aside using their bayonets. The enemy was concealed, and they bombarded them with bullets that clipped the leaves around them.</text>
            </battle>
            <battle>
                <name>Epehy</name>
                <longitude>3.1</longitude>
                <latitude>50</latitude>
                <year>1918</year>
                <text>The two Australian divisions in this battle were successful in advancing three miles through German defence, despite other troops having difficulty progressing.</text>
                <text>This showed the Allies that even the fortified Hindenburg Line was not impossible to break through.</text>
                <text>o	Artillery had to be relied upon to prepare the way because few tanks could be provided for the attack. In the interest of surprise, however, they would not be able to provide a preliminary bombardment.</text>
                <text>The 1st and 4th divisions had the strength of about 6,800 men and in one day they captured 4,243 prisoners, 76 guns, 300 machine guns and 30 trench mortars.</text>
                <text>This battle saw the first mutiny of the Australian forces. 119 men of the Australian 1st Battalion refused to attack, which would help the neighbouring British unit. They were charged with being AWOL rather than face charges of desertion in the face of the enemy.</text>
            </battle>
            <battle>
                <name>Peronne</name>
                <longitude>2.9</longitude>
                <latitude>49.9</latitude>
                <year>1918</year>
                <casualties>12187</casualties>
                <text>Peronne was captured by the ANZACs</text>
                <text>Allied troops also broke through lines to Péronne by 8.20 am on 1 September.</text>
                <text>Germans quickly regrouped and launched a counter-attack which meant there were fierce fighting and heavy losses. Peronne was heavily shelled and attacked by the Germans. A lot of the fighting was hand-to-hand.</text>
                <text>The Australians were able to establish a stronghold after heavy and exhausting fighting. This forced the complete withdrawal of the Germans.</text> 
                <text>The Australians captured Peronne on the 3rd of September at night.</text>
                <text>o	Captain W.J Denny recalled the significance of the battle of Peronne’s victory to the Australian forces in his report of the battle. The enemy’s defences on the British front was rudely shaken by this battle.</text>
                <text>In 2003 Major A.C Fidge in the Australian Army wrote about how Monash developed a high-risk plan for the attack. The plan was for the 2nd Division to cross a series of marshes and launch a frontal assault, unfortunately, this attempt failed. After this attempt, Monash was able to think and react quickly.</text>
                <text>Germans never believed that in only a few hours their great natural fortress would not only fall, but the whole garrison would be killed or captured, according to Captain W.J. Denny who fought in the battle.</text>
                <text>Lewis gunners covered the party of the 53rd, while they made for a gap in the wire. Lance Sergeant George Potter was one of the Lewis gunners. He sprayed bullets over the wire. The Germans cleared from the trench line when the line was penetrated. The Australians found the water in the cooling covers of the enemy machine guns still boiling.</text>
                <text>Unfortunately, George Potter was killed.</text>
            </battle>
            <battle>
                <name>Montbrehain</name>
                <longitude>3.3</longitude>
                <latitude>49.97</latitude>
                <year>1918</year>
                <casualties>430</casualties>
                <text>The Australian troops of the 6th Brigade attacked Montbrehain at 6:05 am on the 5th of October 1918.</text>
                <text>As the Australians advanced they suffered heavy causalities because of how aggressive the German resistance was.</text>
                <text>They achieved their objective, however, were subjected to uncoordinated counter-attacks from three directions and heavy shelling.</text> 
                <text>The Australian troops were pushed nearly 360 meters back through Montbrehain.</text>
                <text>This was the last battle for the Australian infantry on the Western Front during WWI. It was also where Lieutenant George Morby Ingram was awarded the Victoria Cross. He was the 64th and last Australian to receive the award during WWI.</text>
            </battle>
        </markers>
    </country>
    <country>
        <name>Papua New Guinea</name>
        <longitude>142.3</longitude>
        <latitude>-6.5</latitude>
        <markers>
            <battle>
                <name>Rabaul</name>
                <longitude>152.2</longitude>
                <latitude>-4.3</latitude>
                <year>1914</year>
                <casualties>6</casualties>
                <text>Australians were sent to Papua New Guinea to capture and occupy the New Guineas colonies that Germany had control over.</text>
                <text>One of Australian’s missions was to destroy German’s wireless stations which formed part of the German wireless network in New Guinea.</text>
                <text>The group of soldiers who were sent to Papua New Guinea was the Australian Naval and Military Expeditionary Force (ANMEF), which was made up of volunteers who were hastily put together in early August 1914.</text>
                <text>These included eight companies of infantry.</text>
                <text>The Royal Australian Naval Reserve was made up of 500 naval reservists and time-expired Royal Navy seamen.</text>
                <text>Many in the infantry had little or no experience in the military, however, those who were in the naval forces had skills that would help with their mission as they were disciplined, well versed in musketry, field gun use, cutlass skills and general field work.</text>
            	<text>Australian’s suffered their first causalities.</text>
                <text>The first Australian was awarded the decoration for bravery.</text>
                <text>The Australian Navy maintained patrols, after they occupied Rabaul, to prevent German warships from making a successful counter-attack.</text> 
                <text>The Australian submarine, known as the AE1, sadly disappeared on September 14, 1914, during one of their patrols.</text> 
                <text>The submarine and it’s 35 crew members were never found until December 2017.</text>
                <text>The failed 1st AIF Activities and the Dardanelles campaign overshadowed the Battle of Rabaul.</text>
                <text>Private Scott-Holland wrote in a letter talking about how they fought the natives who climbed up a coconut palm tree and fired down at them. According to him, the natives were completely unrecognizable.</text>
                <text>In the same letter, he wrote about how one experienced extreme fatigue like the soldiers on active service did.</text>
                <text>Private Scott-Holland wrote about how many expected the enemy to attack at any moment, which meant many suffered from lack of sleep, however, he deduced that the enemy may have thought them far greater than what they actually were. There was only twenty-seven of them.</text>
                <text>According to the same soldier the natives used poisonous arrows and spears as their weapons and certainly gave the soldiers a lively reception in the jungle.</text>
                <text>One of their objectives given to them from the authorities was to round up all natives or cannibals as they named them, then force the chief to abide by the laws regarding the conduct of inhabitants of this group of islands.</text>
                <text>In Private Scott-Holland’s letter, he talked about how the soldiers traded with the peaceful kanakas who brought back to the town, bananas, mangoes and breadfruit that grew plentiful on the island. In exchange for these fruits, the soldiers would give the biscuits and tins of bully beef.</text>
                <text>Private Scott-Holland also experienced loss as did the majority of the soldiers. His best naval friend was a torpedo instructor on the AE1, which was the Australian submarine that went missing. 10 days later they knew there was no hope for the submarine to be found. They suspected that the enemy sunk it or it went down to the depths, like many other submarines did, never to rise again.</text>
                <text>The soldiers used to ask the natives to climb the coconut tree for them so that they could drink from the coconuts.</text>
                <text>Another Soldier Private Les. Neate wrote about how there was plenty of the fever, known as malaria, going around, however many of the soldiers hadn’t got it yet.</text>
                <text>Many soldiers didn’t understand the Chinese or Japanese culture, so they believed they were the top dogs there as they always received a bow from them when they passed them on the road. They saw this as them being very respectful to the might of England.</text>
            </battle>
        </markers>
    </country>
    <country>
        <name>Israel</name>
        <longitude>34.9</longitude>
        <latitude>31</latitude>
        <markers>
            <battle>
                <name>Beersheba</name>
                <longitude>34.8</longitude>
                <latitude>31.3</latitude>
                <year>1917</year>
                <casualties>31</casualties>
                <text>A decision was made at the end of October to capture Beersheba which was positioned on the far end of the Turkish defensive line.</text>
                <text>At Gaza, a diversion was created, while the main force attacked Beersheba.</text>
                <text>The Turks initially held Beersheba.</text>
                <text>The 4th and 12th Light Horse Regiments made a desperate decision to charge and capture the town as the light was fading and they were desperate for water. They knew they had little chance of getting back to another water supply.</text>
                <text>The attack started at 4.30 pm and within half an hour the first trenches were cleared.</text>
                <text>The ride was terrible as there was dust everywhere.</text>
                <text>o	Chauvel’s greatest problem was to find sufficient water in Beersheba for his mounted troops. There was no water other then Esani, which was too far west for any use for a surprise attack. Chauvel studied the records of the Palestine Exploration Fund and found, through also questioning local Arabs, that the larger ancient towns in the area to the south and south-west of Beersheba must have had existing water supplies. Old wells were found at Asluju and a fortnight later they were working. This allowed an attack on Beersheba to be a feasible operation.</text> 
                <text>There were various deceptions that were employed so that the enemy would keep thinking the attack was going to be at Gaza. They even kept the infantry strength there until the last minute. 1,000 Turkish riflemen, nine machine guns and two aircraft defended Beersheba. The trenches on the east and south side were not protected by barbed wire. This was because the Turks believed that the forbidding open terrain with lack of water would defend Beersheba. Gaza was the most likely choice for the attack which meant they were not prepared for the troops.</text>
                <text>Light horsemen were ordered to charge cavalry-style when normally they would ride close to their objective then dismount to fight.</text>
                <text>The charge was successful, and they were able to take the town before it was destroyed by a retreating Turkish force. According, to Harry Langtip, Beersheeba was a small town that had many nice buildings. The water scheme was impressive, and they got what they needed from the Turkish store such as telephones and pack saddles. They also got grain for the horses, bivy sheets and peg posts from the army stores. The soldiers got more horses and bullocks. Gear and rifles were lying everywhere. The Turks left bombs which would explode when you kicked it. One tommie had both his eyes blown out by a bottle when he kicked it out of the way.</text>
            </battle>
            <battle>
                <name>Gaza</name>
                <longitude>34.4</longitude>
                <latitude>31.5</latitude>
                <year>1917</year>
                <casualties>32</casualties>
                <text>Gaza was the place of three battles in 1917 and was the heart of the main Turkish defensive position in southern Palestine.</text>
                <text>Anzac Mounted Division entered Gaza during the first battle on 26-27 March. As it neared nightfall, however, they learned that Turks were getting reinforcement and they were ordered to withdraw.</text>
                <text>The second attack which occurred three weeks later also failed, despite having gas bombs and tanks.</text>
                <text>The first attack on Gaza, despite ultimately failing, was declared a success at the time because the Turks suffered a high number of casualties and many of their guns were captured.</text>
                <text>During the second attempt to take Gaza the tanks were used for the very first time in the Middle East.</text>
                <text>They proved to be useless as they were ineffective and also dangerous as they drew enemy fire.</text>
                <text>General Chauvel of the Light Horse kept in touch with the battle of Romani on horseback, often under heavy artillery fire, while many other senior British officers were kilometres from the action, staying in touch only by telephones. He was knighted for his fine leadership.</text>
                <text>As the British launched their attack on the key Turkish fortress town of Gaza in March 1917 it became more obvious that there were problems of leadership.</text>
                <text>Fog and poor communication between some British officers delayed the attack.</text>
                <text>When the attack finally began the light horsemen swung behind the main Turkish positions and fought the Turks in a maze of tall cactus hedges that marked the fields on the outskirts of Gaza and laneways.</text>
                <text>The troopers hacked through them with their bayonets and shots exploded from the fleshy cactus walls to reach the enemy.</text> 
                <text>Before sunset, they had fought their way into the town and the Turkish commander thought the battle was lost.</text>
                <text>British headquarters received word that the Turkish reinforcements were on the way. The order was then made to withdraw just as they took the major Turkish strongpoint.</text>
                <text>Some of the Light Horse officers refused to believe the orders, while Chauvel protested. They had entered Gaza and found water for their horses. They initially believed the order was an enemy trick, however, the signal came back: “Retire! Retire! Retire!”</text>
                <text>In the darkness, they slipped away from Gaza, with many of the men asleep in their saddles.</text>
                <text>General Murray, the British commander, reported the battle to London as if it was a victory. The next month Gaza was attacked again.</text>
            </battle>
            <battle>
                <name>Jerusalem</name>
                <longitude>35.2</longitude>
                <latitude>31.8</latitude>
                <year>1917</year>
                <text>Just before Christmas 1917 Jerusalem fell to the British and Australians.</text>
                <text>Many Australians were excited about glimpsing the holy city for the first time as the wrote about it in their letters and diaries. They were all aware of the historical and religious significance of Jerusalem.</text>

            </battle>
        </markers>
    </country>
    <country>
        <name>Egypt</name>
        <longitude>27</longitude>
        <latitude>27.5</latitude>
        <markers>
            <battle>
                <name>Suez Canal</name>
                <longitude>32.4</longitude>
                <latitude>30.7</latitude>
                <year>1916</year>
                <casualties>190</casualties>
                <text>Suez Canal was the reason that Egypt was of great strategic importance to Britain because it linked the Red Sea with the Mediterranean.</text>
                <text>Suez Canal was defended from an attack by the enemy.</text>
                <text>Suez Canal provided the quickest route Between Britain and countries around the Western Pacific oceans and Indian.</text>
                <text>Australian infantry supported the Indian force when a Turkish expedition attacked on the 2nd of February. They were able to successfully defend the canal.</text>
                <text>The living conditions were very unpleasant as it was extremely hot and always dirty. Both men and horses were under incredible strain when doing work and were constantly thirsty.</text>
                <text>Troops had to travel long distances where the temperature would dramatically change from extreme cold to extreme heat. They slept in tents that offered little protection or slept in the open.</text>
                <text>Operations had to be planned to make sure the men and animals had access to water.</text> 
                <text>There were also heaps of flies.</text>
                <text>The British cavalrymen were considered to be splendid soldiers, however, they got lost a lot in the featureless sea of sand. Australia troopers, however, seemed almost at home in the desert.</text>
                <text>The classic mounted cavalry style of the Australians became well known as their technique was different from that of the British Mounted Infantry. Australia’s Light horse in true cavalry style would fire their rifles from the saddle while still advancing. This made them a formidable enemy. This was different from the British as they tended to dismount as soon as they reached the battlefield to fight.</text>
                <text>The Light Horse regiments re-unites with their horses in Egypt after the evacuation of Anzac. They were envious of the Australian infantry as they watched them leave for France. The 13th and part of the 4th Light Horse were the only two regiments sent to the Western Front in Europe.</text>
                <text>Many of the Light Horse soldiers felt they were missing the real war as they endured the further training, patrols and outpost duties. There were of course reasons for keeping them there as the Suez canal was very important.</text>
                <text>The Australian Light Horse was called The Kings of the Feathers by the Arabs.</text>
                <text>This was because when they went to Egypt, Tasmanians, South Australians and Queenslanders wore splendid emu plumes in their hats. This was a small square of emu hide with the long, brown tipped feathers still attached.</text>
                <text>The plumes were adopted by almost all the Light Horse regiments, however, it was originally a badge of honour of the Queensland Mounted Infantry for their work in the shearers strike of 1891.</text>
            </battle>
            <battle>
                <name>Romani, Sinai Peninsula</name>
                <longitude>33.9</longitude>
                <latitude>29.5</latitude>
                <year>1916</year>
                <casualties>8</casualties>
                <text>The Turkish Advance to Romani was defeated with the help of the Australian troops.</text>
                <text>On the 4th of August 1916 in the early hours, Ottoman troops attacked.</text>
                <text>The Australian 1st Light Horse Brigade was the only ones ready to meet the attack, however, they were outnumbered and forced to fall back.</text>
                <text>Ottomans faced rising causalities and they had exhausted their supply of ammunition as the day progressed, while the Australian and New Zealand troops were reinforced by the allied forces.</text>
                <text>The Anzac Mounted Division counter-attacked before dawn on the 5th of August.</text>
                <text>The Turkish resistance collapsed.</text>
                <text>By the end of the battle, there were approximately 1,100 allied casualties and 4,000 Turkish causalities, with another 4,000 taken prisoner.</text>
                <text>Lieutenant General Henry (Harry) Chauvel was considered to be a very good battle commander of the ANZACs.</text>
                <text>On horseback, Chauvel led out a vital reserve brigade from the front in full view of attacking Turks, who were exhausted as dawn brought another brutally hot day. This decision was very uncommon for a man of his maturity, who was 51, and his rank. The Turks were given a huge psychological blow as they saw 1000 fresh horsemen coming to join the battle. The Turks had no food, water and footwear, which had been discarded during a night of battle and pursuit.</text>
            </battle>
        </markers>
    </country>
    <country>
        <name>Belgium</name>
        <longitude>4.5</longitude>
        <latitude>50.5</latitude>
        <markers>
            <battle>
                <name>Ypres</name>
                <longitude>2.88</longitude>
                <latitude>50.85</latitude>
                <year>1917</year>
                <casualties>12000</casualties>
                <text>On the 20th of September 1917, the Australian infantry joined the Third Battle of Ypres which had been going on since the 31st of July.</text>
                <text>Fortunately, fighting conditions got better when the weather changed.</text>
                <text>Australians’ progress was often blocked by the Germans and many men fell under the shell and machine-gun fire.</text>
                <text>Despite this, Australians were able to meet the objectives with the support of heavy artillery and hold off the enemy counter-attacks.</text>
                <text>The line was pushed forward by a few kilometres as they stayed within range of the supporting artillery and advanced step-by-step. This, however, was not done without heavy cost.</text>
                <text>The town of Ypres was deserted by its inhabitants and devasted by shellfire.</text>
                <text>Australians enjoyed a break from the front, following Bullecourt, and were able to rest, refit and train. The British launched a major offensive in Flanders, at Ypres, at the end of July 1917. Although the advances were successful in the beginning, they soon were bogged down under stiffening enemy resistance and wet conditions. The ground fortunately dried by September and the Australian divisions were brought in.</text>
                <text>20 men incredibly reached the rubble that used to be Passchendaele church, mainly because of the valour of Captain Jeffries. The British troops on their right, unfortunately, were not able to support that Australians. This forced them to retreat all the way back to their front line. Artillery was running out of ammunition and their shells were burying themselves in the liquid mud.</text>
                <text>The battle, however, continued, while it was raining and the bitter cold set in. Another attack was ordered, which failed miserably as the men struggled up to their knees and waists in the stinking mud with their machine guns and rifles clogged.</text>

            </battle>
            <battle>
                <name>Messines</name>
                <longitude>2.9</longitude>
                <latitude>50.77</latitude>
                <year>1917</year>
                <casualties>6000</casualties>
                <text>On the 7th of June 1917, the battle of Messines was fought and was the first large-scale action that involved Australian troops in Belgium.</text>
                <text>The battle of Messines was the 3rd Division’s first major battle.</text>
                <text>The battle was an important success.</text>
                <text>Nineteen powerful mines exploded under the German trenches along the Messines ridge at 3:10 am on the 7th of June 1917.</text>
                <text>As this was the 3rd Australian Division’s first major battle they were anxious to prove themselves.</text>
                <text>The other Australian division involved in the battle attacked later in the day.</text>
                <text>There was some more fighting, however, by the end of the first evening it was virtually decided with the ridge being taken and enemy counter-attacks repulsed.</text>
                <text>There were 6000 casualties</text>
                <text>The Battle of Messines opening was considered to be at the time the biggest bang in history. At the northern extremity of the line, at Hill 60, the 1st Australian Tunneling Company had been at work since November 1916. They dug two large mineshafts under Hill 60 and The Caterpillar. The mine at Hill 60 created a crater that was 60-feet deep and 260-feet wide. German front-line troops suffered majority from this.</text>
            </battle>
        </markers>
    </country>
</markerInformation>